{
  "globalDocumentId": "001",
  "templates": [
    {
      "templateID": "1",
      "sections": [
        {
          "sectionID": "1",
          "isComplex": "no",
          "sectionTitle": "Title",
          "titleMetadata": {
            "headerStyle": "H1",
            "headerFont": "Aerial",
            "textStyle": [
              "BOLD",
              "ITALIC"
            ]
          },
          "sectionType": "Heading",
          "sectionContent": "Request for Proposal",
          "sectionMetadata": {
            "headerStyle": "H1",
            "headerFont": "Aerial",
            "textStyle": [
              "BOLD",
              "ITALIC"
            ]
          }
        },
        {
          "sectionID": "2",
          "isComplex": "no",
          "sectionTitle": "SubTitle",
          "titleMetadata": {
            "headerStyle": "H2",
            "headerFont": "Aerial",
            "textStyle": [
              "BOLD",
              "ITALIC"
            ]
          },
          "sectionType": "Subheading",
          "sectionContent": "Lorum epsum jsom",
          "sectionMetadata": {
            "headerStyle": "H2",
            "headerFont": "Aerial",
            "textStyle": [
              "BOLD",
              "ITALIC"
            ]
          }
        },
        {
          "sectionID": "3",
          "isComplex": "no",
          "sectionTitle": "HeadingDesc",
          "titleMetadata": {
            "headerStyle": "H4",
            "headerFont": "Aerial",
            "textStyle": [
              "BOLD",
              "ITALIC"
            ]
          },
          "sectionType": "PARA",
          "sectionContent": "This Request for Proposal is the exclusive property of Nestlé; it shall not be copied, transmitted or disclosed by any means without the expressed written consent of Nestlé. By accepting a copy hereof, the recipient agrees to be bound by these conditions and to use these documents solely for responding to Nestlé Request for Proposal.",
          "sectionMetadata": {
            "headerStyle": "H4",
            "headerFont": "Aerial",
            "textStyle": [
              "BOLD",
              "ITALIC"
            ]
          }
        }
      ]
    }
  ]
}